frame,x_11,y_11,x_12,y_12,x_13,y_13,x_14,y_14,x_15,y_15,x_16,y_16,x_23,y_23,x_24,y_24
0,0.8500723838806152,0.9931802749633789,0.2744347155094147,0.9269384741783142,0.948601245880127,1.341709852218628,0.22565416991710663,1.3335604667663574,0.8833246231079102,1.5535115003585815,0.26934823393821716,1.4359806776046753,0.7260661721229553,1.8344509601593018,0.3802042305469513,1.8314651250839233
1,0.8498152494430542,0.9805733561515808,0.27456897497177124,0.9382482171058655,0.984344482421875,1.3393261432647705,0.22606387734413147,1.3590062856674194,0.8589485287666321,1.1617999076843262,0.3158235549926758,1.1362264156341553,0.7314468622207642,1.8302149772644043,0.3883453607559204,1.8185418844223022
2,0.8497823476791382,0.9745932221412659,0.27662667632102966,0.9437152147293091,0.999770998954773,1.3248223066329956,0.22885794937610626,1.3643323183059692,0.8520380258560181,1.0912660360336304,0.3334220349788666,1.1116478443145752,0.7383643388748169,1.8302464485168457,0.39602363109588623,1.8177069425582886
3,0.849518895149231,0.9705183506011963,0.2768588662147522,0.9453153014183044,0.9983736276626587,1.3056714534759521,0.23027841746807098,1.3674511909484863,0.8399113416671753,1.0741002559661865,0.34441620111465454,1.057358980178833,0.7391487956047058,1.8303316831588745,0.3989773392677307,1.812735915184021
4,0.8498848676681519,0.9701558351516724,0.2786780297756195,0.9466961026191711,1.0030698776245117,1.295272946357727,0.22969083487987518,1.366909146308899,0.8409967422485352,1.047669768333435,0.33652135729789734,1.0413371324539185,0.7403916120529175,1.8431719541549683,0.40346020460128784,1.8130958080291748
5,0.8498587608337402,0.9684954285621643,0.2820562422275543,0.9470041990280151,0.9453522562980652,1.241162896156311,0.2428250014781952,1.3383464813232422,0.7486924529075623,0.9434767365455627,0.3656659722328186,0.9045956134796143,0.7383910417556763,1.8430588245391846,0.4146903455257416,1.8068498373031616
6,0.8498774766921997,0.9668517708778381,0.28843194246292114,0.9465742111206055,0.947079062461853,1.2310594320297241,0.24299485981464386,1.3081042766571045,0.7669644355773926,0.9603316187858582,0.3721533715724945,0.8875249624252319,0.7386611700057983,1.842849612236023,0.4154875874519348,1.8032679557800293
7,0.8501139879226685,0.9670141339302063,0.2903487980365753,0.9463844299316406,0.9484039545059204,1.2335493564605713,0.24400818347930908,1.2956821918487549,0.7539483308792114,0.9502366185188293,0.3702643811702728,0.8909891247749329,0.7386361360549927,1.8453373908996582,0.42037686705589294,1.7978233098983765
8,0.8503127098083496,0.9672399163246155,0.2922131419181824,0.9459956288337708,0.9533068537712097,1.2407584190368652,0.2439400851726532,1.2865396738052368,0.7693111896514893,0.9653040766716003,0.36369386315345764,0.8912174701690674,0.7385938167572021,1.847393274307251,0.4214532971382141,1.795669674873352
9,0.8504737019538879,0.9673986434936523,0.29229074716567993,0.9458461403846741,0.9537342190742493,1.2278378009796143,0.24437923729419708,1.2807985544204712,0.7744523882865906,0.9569778442382812,0.36084848642349243,0.9223780035972595,0.7380647659301758,1.848240613937378,0.42555323243141174,1.7958208322525024
10,0.8498838543891907,0.9675435423851013,0.2940217852592468,0.9452927708625793,0.9619614481925964,1.22268807888031,0.24385228753089905,1.267613172531128,0.7782391309738159,0.9681441783905029,0.3538103699684143,0.9171411991119385,0.737972617149353,1.8509935140609741,0.42546263337135315,1.7968755960464478
11,0.849696159362793,0.9688360095024109,0.2969180941581726,0.9413149952888489,0.9597494006156921,1.2277814149856567,0.2437087595462799,1.2563401460647583,0.7782572507858276,0.9701465964317322,0.3387066721916199,0.9373750686645508,0.7376464605331421,1.8524376153945923,0.42666879296302795,1.7943992614746094
12,0.849826455116272,0.9708665609359741,0.2967609465122223,0.9416811466217041,0.9653512835502625,1.2248116731643677,0.2485697716474533,1.260941743850708,0.8024994134902954,0.9886983036994934,0.33163994550704956,0.9399800896644592,0.7349374890327454,1.8512420654296875,0.4268948435783386,1.7947231531143188
13,0.8486782908439636,0.9710132479667664,0.29681357741355896,0.9408769011497498,0.9519767761230469,1.2301957607269287,0.2476554811000824,1.2647864818572998,0.7615360021591187,0.971039891242981,0.3355395197868347,0.9345874786376953,0.7349110245704651,1.85112726688385,0.42671042680740356,1.7949813604354858
14,0.8466375470161438,0.9716810584068298,0.2958500385284424,0.9408864974975586,0.9613083600997925,1.250882625579834,0.23912446200847626,1.2755557298660278,0.7668400406837463,0.9899164438247681,0.33356600999832153,0.9456264972686768,0.7356204390525818,1.8539873361587524,0.4196844696998596,1.8059173822402954
15,0.8466359376907349,0.9721450209617615,0.2959226071834564,0.9408657550811768,0.9661468267440796,1.2511112689971924,0.23841455578804016,1.276700735092163,0.7688376903533936,0.9954569935798645,0.3373103737831116,0.9200651049613953,0.7365365624427795,1.8639276027679443,0.41907113790512085,1.8155654668807983
16,0.8463318943977356,0.9715577960014343,0.2953629195690155,0.9405685067176819,0.9666004180908203,1.2416478395462036,0.23564715683460236,1.275427222251892,0.7808425426483154,0.979640007019043,0.3376831114292145,0.9219223260879517,0.7347553968429565,1.8553402423858643,0.4161868095397949,1.8108737468719482
17,0.8457962274551392,0.9710264801979065,0.2939971685409546,0.9418541789054871,0.9684915542602539,1.237140417098999,0.2333819568157196,1.2759588956832886,0.781232476234436,0.982064962387085,0.3412812352180481,0.907161295413971,0.7347315549850464,1.85554039478302,0.4126749038696289,1.8133912086486816
18,0.8462355732917786,0.9717134237289429,0.29266953468322754,0.9444517493247986,0.968509316444397,1.239258050918579,0.2310228794813156,1.2870349884033203,0.7822946906089783,0.9819937348365784,0.34024664759635925,0.9157338738441467,0.7360227704048157,1.8611817359924316,0.41205310821533203,1.8246692419052124
19,0.8464969396591187,0.9713218808174133,0.29249268770217896,0.9446030259132385,0.9627553224563599,1.2375231981277466,0.23304390907287598,1.2868260145187378,0.7626739740371704,0.9576460719108582,0.34479638934135437,0.9058988690376282,0.7360836267471313,1.8497259616851807,0.41184020042419434,1.8138625621795654
20,0.8464159965515137,0.971929132938385,0.2924724221229553,0.9448296427726746,0.9564121961593628,1.255607008934021,0.23157420754432678,1.287467122077942,0.7574204802513123,0.9607609510421753,0.34500956535339355,0.9028635025024414,0.73602694272995,1.8525164127349854,0.4105539917945862,1.8152731657028198
21,0.8465582728385925,0.9722155332565308,0.2924479842185974,0.9432465434074402,0.923404335975647,1.2614182233810425,0.23297791182994843,1.2878419160842896,0.7187806963920593,0.9518740773200989,0.36046844720840454,0.8889949917793274,0.7328524589538574,1.8519090414047241,0.41057372093200684,1.8088116645812988
22,0.8466704487800598,0.9718981385231018,0.29110634326934814,0.943715512752533,0.9273608922958374,1.2595210075378418,0.23123708367347717,1.2894879579544067,0.7298425436019897,0.9440340399742126,0.3555353283882141,0.8942937254905701,0.7330208420753479,1.8515055179595947,0.4104551672935486,1.8092032670974731
23,0.847053050994873,0.9720938801765442,0.28930947184562683,0.9461025595664978,0.9406000971794128,1.2537318468093872,0.23307356238365173,1.2968201637268066,0.7448973655700684,0.9482345581054688,0.3469012975692749,0.9393417239189148,0.732390284538269,1.8418831825256348,0.4103732705116272,1.8072277307510376
24,0.846558690071106,0.9722292423248291,0.2888098657131195,0.9462378621101379,0.9542012214660645,1.2533087730407715,0.23082378506660461,1.300635814666748,0.7460330724716187,0.951278030872345,0.3149603009223938,1.0108283758163452,0.7321438193321228,1.83643639087677,0.4077339172363281,1.8073667287826538
25,0.8464155197143555,0.9722540974617004,0.28850698471069336,0.9455072283744812,0.9701186418533325,1.2558109760284424,0.22796392440795898,1.3050440549850464,0.7668128609657288,0.9850618839263916,0.29814398288726807,1.0469926595687866,0.7322660684585571,1.8237109184265137,0.4066743850708008,1.8023160696029663
26,0.8459720611572266,0.9721615314483643,0.2883256673812866,0.9463008642196655,0.9711034893989563,1.2431737184524536,0.22808051109313965,1.3057228326797485,0.7673354744911194,0.979659378528595,0.30254065990448,1.026816487312317,0.7278193235397339,1.8241816759109497,0.40611210465431213,1.80367910861969
27,0.8460022807121277,0.9715499877929688,0.2883414328098297,0.9462947845458984,0.970625102519989,1.2347434759140015,0.2281244546175003,1.3037141561508179,0.7674346566200256,0.9734933972358704,0.30408281087875366,0.9775691628456116,0.7278620004653931,1.8283724784851074,0.4060974717140198,1.8077781200408936
28,0.8467665910720825,0.97154301404953,0.2879393398761749,0.9469020962715149,0.9716945886611938,1.2272862195968628,0.22922281920909882,1.3036714792251587,0.8035165071487427,0.9753261208534241,0.3166101276874542,0.9557821750640869,0.726721465587616,1.8413269519805908,0.4061662256717682,1.8178008794784546
29,0.8469588160514832,0.9717577695846558,0.2871040999889374,0.9474033713340759,0.9590508341789246,1.2264987230300903,0.23428471386432648,1.3036636114120483,0.8015462160110474,0.9680355191230774,0.32629022002220154,0.9183107614517212,0.7248744964599609,1.841313123703003,0.40643367171287537,1.815885066986084
30,0.8487712144851685,0.9726348519325256,0.2867860198020935,0.9475604295730591,0.9605396389961243,1.227073311805725,0.23601850867271423,1.3036268949508667,0.800952136516571,0.9762875437736511,0.3193357586860657,0.9477288126945496,0.7254205942153931,1.8406164646148682,0.40922337770462036,1.813538670539856
31,0.8488480448722839,0.9733476042747498,0.28661495447158813,0.94742351770401,0.9773634076118469,1.2664237022399902,0.23502881824970245,1.3113713264465332,0.8136215209960938,1.058117151260376,0.31970301270484924,0.9576076865196228,0.7297354340553284,1.8375259637832642,0.40688973665237427,1.813979983329773
32,0.8487476110458374,0.9757722020149231,0.2863505482673645,0.9471298456192017,0.9778690338134766,1.282380223274231,0.22556445002555847,1.311186671257019,0.8103929758071899,1.057523250579834,0.31439822912216187,0.9569380283355713,0.7299386262893677,1.8509827852249146,0.40369877219200134,1.8226999044418335
33,0.8487396240234375,0.9763443470001221,0.28570079803466797,0.9494379758834839,0.9780111312866211,1.2790619134902954,0.22584357857704163,1.3094465732574463,0.8086811304092407,1.048097848892212,0.3139013648033142,0.9505627751350403,0.7298965454101562,1.8505011796951294,0.4029863476753235,1.8278635740280151
34,0.8487359881401062,0.9763602018356323,0.28530606627464294,0.9495498538017273,0.9687871932983398,1.276333212852478,0.2261172980070114,1.308997392654419,0.7904406785964966,1.0076414346694946,0.31401780247688293,0.9401422739028931,0.7299693822860718,1.8505131006240845,0.40239208936691284,1.827915072441101
35,0.848637580871582,0.9769319295883179,0.2841910719871521,0.9510295987129211,0.9738575220108032,1.2877732515335083,0.22141695022583008,1.3229691982269287,0.7947254776954651,1.0231194496154785,0.3021913468837738,1.0357246398925781,0.7348734736442566,1.85045325756073,0.40191492438316345,1.8291003704071045
36,0.848624050617218,0.9773070216178894,0.28416794538497925,0.9512213468551636,0.9898372888565063,1.344483494758606,0.22094225883483887,1.3503016233444214,0.8571084141731262,1.2657109498977661,0.29530543088912964,1.124074935913086,0.7362238168716431,1.850105881690979,0.3949037194252014,1.8294967412948608
37,0.8483728170394897,0.976276695728302,0.2841419279575348,0.9485403299331665,0.9404743909835815,1.3349826335906982,0.22405977547168732,1.3279818296432495,0.7463799118995667,1.048531413078308,0.3360663950443268,0.9550555348396301,0.7362297177314758,1.8541942834854126,0.39975956082344055,1.8230196237564087
38,0.8483684659004211,0.9755598902702332,0.2868080735206604,0.9418402910232544,0.9204200506210327,1.326406717300415,0.2253067046403885,1.307273268699646,0.7137436866760254,1.0027647018432617,0.34303197264671326,0.9485508799552917,0.7370165586471558,1.856503963470459,0.40706291794776917,1.8037281036376953
39,0.8485924601554871,0.9810337424278259,0.28688445687294006,0.9405048489570618,0.9270612597465515,1.361883282661438,0.22635114192962646,1.3155665397644043,0.7208547592163086,1.045854926109314,0.34251147508621216,1.067320466041565,0.7368475794792175,1.8703991174697876,0.40743130445480347,1.8013111352920532
40,0.8485905528068542,0.9836341738700867,0.28684961795806885,0.9391754269599915,0.9297325015068054,1.3730854988098145,0.22699561715126038,1.3213151693344116,0.7206609845161438,1.0535136461257935,0.34214693307876587,1.0840891599655151,0.7366498708724976,1.880638837814331,0.4074137806892395,1.8017182350158691
41,0.8469237089157104,0.9826056361198425,0.2866223454475403,0.938406229019165,0.9476360082626343,1.3599727153778076,0.2282787263393402,1.3252503871917725,0.7823303937911987,1.1007695198059082,0.34837645292282104,1.1150085926055908,0.736636757850647,1.8799712657928467,0.4081152379512787,1.8018258810043335
42,0.8459868431091309,0.982362687587738,0.28338608145713806,0.9381214380264282,0.9459527134895325,1.3537060022354126,0.22733576595783234,1.3253151178359985,0.7569487690925598,1.0959609746932983,0.35130900144577026,1.0986100435256958,0.7358282804489136,1.8852074146270752,0.4086499810218811,1.8046454191207886
43,0.8459751009941101,0.9823262095451355,0.28596848249435425,0.9384450912475586,0.948525607585907,1.3375402688980103,0.2270946204662323,1.317331314086914,0.7260230183601379,1.0399272441864014,0.38439640402793884,1.0903658866882324,0.7386123538017273,1.8896276950836182,0.41585826873779297,1.8128972053527832
44,0.8422566652297974,0.9796047806739807,0.2854316830635071,0.9407342076301575,0.966214656829834,1.3164713382720947,0.222538560628891,1.3356853723526,0.7740127444267273,1.1152784824371338,0.3795485496520996,1.1276417970657349,0.7355684638023376,1.8886761665344238,0.4147564470767975,1.8228785991668701
45,0.842261791229248,0.9792197942733765,0.2848113179206848,0.942125141620636,0.9655637741088867,1.3227241039276123,0.21939702332019806,1.343387246131897,0.7702811360359192,1.1238216161727905,0.3750094771385193,1.1270653009414673,0.7356331944465637,1.8930573463439941,0.414689838886261,1.826107382774353
46,0.8424484133720398,0.9787455201148987,0.28488287329673767,0.9435067772865295,0.9654372930526733,1.3153624534606934,0.21724477410316467,1.3419671058654785,0.7700551748275757,1.1145904064178467,0.3764544129371643,1.1143393516540527,0.7357702851295471,1.9035872220993042,0.4159432053565979,1.8352563381195068
47,0.8419510126113892,0.978836715221405,0.28570207953453064,0.9428679347038269,0.9589005708694458,1.3242576122283936,0.21646499633789062,1.3337750434875488,0.7166368365287781,1.040300965309143,0.37482234835624695,1.1038841009140015,0.7348438501358032,1.9022265672683716,0.4158323407173157,1.830385684967041
48,0.8421899676322937,0.9799538850784302,0.2868005633354187,0.9383032917976379,1.002310037612915,1.3348127603530884,0.21330800652503967,1.3302536010742188,0.8675134778022766,1.3558571338653564,0.30269014835357666,1.2450608015060425,0.7326668500900269,1.8984959125518799,0.40673646330833435,1.8302298784255981
49,0.8425778150558472,0.9809457659721375,0.2879708409309387,0.9346799850463867,1.0009009838104248,1.3339192867279053,0.21621063351631165,1.329860806465149,0.844243049621582,1.2548402547836304,0.3160295784473419,1.1961493492126465,0.7324720621109009,1.894357442855835,0.406671941280365,1.8291046619415283
50,0.8432484865188599,0.981787383556366,0.2911340594291687,0.9321295619010925,1.0017404556274414,1.333424687385559,0.2188980132341385,1.3221274614334106,0.8383889198303223,1.2175430059432983,0.3383227586746216,1.1221389770507812,0.7325090169906616,1.8943188190460205,0.4078994691371918,1.8274328708648682
51,0.8431140780448914,0.9817807674407959,0.2913714051246643,0.9322506785392761,0.9819793701171875,1.3395649194717407,0.22359545528888702,1.3081501722335815,0.7299591302871704,1.0871334075927734,0.3640943169593811,1.0696896314620972,0.7324866056442261,1.8967946767807007,0.409130722284317,1.831095576286316
52,0.843161940574646,0.9824033379554749,0.2928302586078644,0.9282047152519226,0.9816368222236633,1.3539198637008667,0.2253812998533249,1.3112441301345825,0.7587196230888367,1.1199772357940674,0.35239675641059875,1.1225628852844238,0.7326112389564514,1.8916740417480469,0.4102592468261719,1.811171054840088
53,0.8442080616950989,0.9839556813240051,0.29172417521476746,0.9288042783737183,0.9803457260131836,1.37276029586792,0.2230144441127777,1.3138281106948853,0.7586674094200134,1.110181212425232,0.35709160566329956,1.122088074684143,0.7334330677986145,1.8918317556381226,0.4105319082736969,1.8086298704147339
54,0.844192385673523,0.9855404496192932,0.2907554507255554,0.9289449453353882,0.9500104784965515,1.3995341062545776,0.22381138801574707,1.3243833780288696,0.7286883592605591,1.101975917816162,0.35692426562309265,1.1255302429199219,0.7333009243011475,1.8919802904129028,0.4097938537597656,1.8061879873275757
55,0.8442021608352661,0.9859685301780701,0.2904006838798523,0.9289904236793518,0.9543834924697876,1.3947879076004028,0.22442317008972168,1.3383734226226807,0.7508864998817444,1.1204864978790283,0.3561022877693176,1.1355853080749512,0.7332860827445984,1.8919388055801392,0.40927940607070923,1.806480050086975
56,0.8434847593307495,0.9858865737915039,0.29175466299057007,0.9259914755821228,0.9530661702156067,1.3907612562179565,0.22737643122673035,1.3195993900299072,0.7142305374145508,1.0403261184692383,0.35818883776664734,1.0904632806777954,0.7326072454452515,1.891357421875,0.41012588143348694,1.8041809797286987
57,0.8432199358940125,0.9847572445869446,0.292288601398468,0.9260963201522827,0.9235284924507141,1.387160062789917,0.2275402843952179,1.3177305459976196,0.6807098388671875,1.0216132402420044,0.35036396980285645,1.1010292768478394,0.7326925992965698,1.8917853832244873,0.4106990396976471,1.8042670488357544
58,0.8420196771621704,0.9821915030479431,0.29516154527664185,0.9264564514160156,0.8982523679733276,1.3764598369598389,0.23509061336517334,1.2931060791015625,0.6698187589645386,0.9866580367088318,0.3852421045303345,1.0020339488983154,0.732715904712677,1.8910282850265503,0.4219215512275696,1.7996203899383545
59,0.8407799601554871,0.9817113280296326,0.2958868741989136,0.9268805384635925,0.8951282501220703,1.350766897201538,0.23760859668254852,1.2943013906478882,0.6678614616394043,0.980337381362915,0.39090314507484436,1.0152517557144165,0.7330417037010193,1.88722825050354,0.4227100908756256,1.7991867065429688
60,0.8389447331428528,0.9798120260238647,0.2961669862270355,0.9266551733016968,0.8992460370063782,1.3209022283554077,0.2374264895915985,1.2958298921585083,0.6795154213905334,0.9799615144729614,0.36540487408638,1.0458871126174927,0.7331573963165283,1.8791255950927734,0.4229945242404938,1.7951164245605469
61,0.8373168706893921,0.9785861968994141,0.29624682664871216,0.9267162084579468,0.9334729909896851,1.3051921129226685,0.24065282940864563,1.2971006631851196,0.697491466999054,0.9918665289878845,0.3651660084724426,1.0955849885940552,0.7338955402374268,1.8765411376953125,0.42292943596839905,1.7960084676742554
62,0.8373710513114929,0.9782955646514893,0.29628118872642517,0.9295437932014465,0.9226001501083374,1.3092117309570312,0.24134142696857452,1.2981460094451904,0.6813550591468811,0.9948066473007202,0.3764897882938385,1.05697500705719,0.7372944951057434,1.8766820430755615,0.4252721667289734,1.8028080463409424
63,0.837375819683075,0.9781774878501892,0.2961202561855316,0.9303489923477173,0.9237333536148071,1.319671630859375,0.23990026116371155,1.2987086772918701,0.6712726950645447,0.9987472295761108,0.3650302588939667,1.0588821172714233,0.7372850179672241,1.8776471614837646,0.42442065477371216,1.8092997074127197
64,0.8373743295669556,0.9769604802131653,0.29676368832588196,0.9304229617118835,0.9210759997367859,1.3207355737686157,0.2401137351989746,1.2987695932388306,0.6676097512245178,1.0015796422958374,0.365580290555954,1.0587022304534912,0.7373257279396057,1.8774635791778564,0.42448297142982483,1.8107672929763794
65,0.8374775052070618,0.9774099588394165,0.29552239179611206,0.9306207895278931,0.9236809015274048,1.333177089691162,0.23983736336231232,1.3074127435684204,0.6667147874832153,1.0026013851165771,0.36355164647102356,1.0755003690719604,0.737551212310791,1.8773415088653564,0.42315012216567993,1.8106486797332764
66,0.8378917574882507,0.9774576425552368,0.2940979599952698,0.9306351542472839,0.9498054385185242,1.329580307006836,0.23800162971019745,1.3090490102767944,0.7567870020866394,1.102201223373413,0.36326223611831665,1.0752311944961548,0.7372299432754517,1.8779933452606201,0.4197438657283783,1.8164199590682983
67,0.8385581970214844,0.9772339463233948,0.2940971553325653,0.9310774207115173,0.9647166132926941,1.3213553428649902,0.23588769137859344,1.31476891040802,0.7838977575302124,1.1460267305374146,0.3571982979774475,1.117881178855896,0.7372722029685974,1.878028392791748,0.41972750425338745,1.8197441101074219
68,0.8381779789924622,0.9767817854881287,0.29375308752059937,0.9297466278076172,0.9141287803649902,1.322913646697998,0.23589730262756348,1.2969691753387451,0.6981415152549744,1.0448329448699951,0.3705984950065613,1.0435289144515991,0.7336350679397583,1.866424322128296,0.41645947098731995,1.8117649555206299
69,0.8380506634712219,0.9769585728645325,0.29374921321868896,0.928541898727417,0.9046756625175476,1.3384894132614136,0.23418667912483215,1.297229528427124,0.6771084666252136,1.0285991430282593,0.3532949388027191,1.075524091720581,0.7316305041313171,1.8668898344039917,0.41652172803878784,1.7996190786361694
70,0.8381013870239258,0.9780463576316833,0.29435643553733826,0.9284549355506897,0.9315457344055176,1.343747854232788,0.23330827057361603,1.2979576587677002,0.7253602743148804,1.103119134902954,0.33956435322761536,1.1158329248428345,0.7316510677337646,1.869747519493103,0.416287362575531,1.801706314086914
71,0.8370968699455261,0.978361964225769,0.2947021424770355,0.9282876253128052,0.9183874130249023,1.3473961353302002,0.23390381038188934,1.2972818613052368,0.6869255900382996,1.06192946434021,0.34013229608535767,1.098034381866455,0.7295023798942566,1.8737329244613647,0.41595888137817383,1.801782250404358
72,0.8382188081741333,0.9783099889755249,0.2989238202571869,0.9260978698730469,0.9637400507926941,1.3458868265151978,0.23515531420707703,1.3048522472381592,0.7930446863174438,1.1791846752166748,0.33545607328414917,1.1246980428695679,0.7318004369735718,1.8725992441177368,0.41667407751083374,1.8015366792678833
73,0.8388926386833191,0.9790874719619751,0.29928138852119446,0.9258866906166077,0.9727197885513306,1.3390419483184814,0.23724524676799774,1.3066169023513794,0.8142779469490051,1.1885263919830322,0.3367108702659607,1.1229727268218994,0.7326352596282959,1.8719463348388672,0.4166732430458069,1.8016510009765625
74,0.8393131494522095,0.9790843725204468,0.29711538553237915,0.9306299686431885,0.9692443013191223,1.3423786163330078,0.23633046448230743,1.3283195495605469,0.7837153673171997,1.104056715965271,0.3362077474594116,1.1439173221588135,0.7339550852775574,1.8761247396469116,0.41670069098472595,1.8057619333267212
75,0.8392390012741089,0.9786183834075928,0.2969457507133484,0.9306806921958923,0.9669214487075806,1.3423652648925781,0.23594102263450623,1.3281276226043701,0.7378782033920288,1.0572433471679688,0.332414448261261,1.1406668424606323,0.7337440252304077,1.873382568359375,0.41653767228126526,1.8040810823440552
76,0.8394118547439575,0.9781991839408875,0.29796114563941956,0.932068943977356,0.9663289785385132,1.3383700847625732,0.2361740618944168,1.3239805698394775,0.7158685922622681,1.0376646518707275,0.33749452233314514,1.0940616130828857,0.7349750399589539,1.8884989023208618,0.4198056161403656,1.8177272081375122
77,0.8391545414924622,0.9776050448417664,0.29607465863227844,0.9354546666145325,0.9652098417282104,1.3349826335906982,0.23593337833881378,1.337337851524353,0.7192475199699402,1.0310912132263184,0.3446694016456604,1.1089692115783691,0.7360672354698181,1.8888908624649048,0.41980305314064026,1.8175787925720215
78,0.8389460444450378,0.9770877361297607,0.2974349856376648,0.9367114901542664,0.9802827835083008,1.3298712968826294,0.2399379462003708,1.3364137411117554,0.7244192361831665,1.036892056465149,0.34470266103744507,1.1089861392974854,0.7375949621200562,1.8978649377822876,0.4205520749092102,1.8257477283477783
79,0.8393274545669556,0.9751185178756714,0.3021881878376007,0.93801349401474,0.9882976412773132,1.3115582466125488,0.24552640318870544,1.335666537284851,0.7245938181877136,1.0282050371170044,0.3444417715072632,1.1263235807418823,0.746158242225647,1.8994947671890259,0.4277805685997009,1.835942029953003
80,0.8392636179924011,0.9743651151657104,0.30178841948509216,0.938407301902771,0.9869803190231323,1.3085362911224365,0.2490938901901245,1.3403862714767456,0.7246868014335632,1.0302495956420898,0.34495779871940613,1.15009343624115,0.7468353509902954,1.892180323600769,0.4276089072227478,1.835036039352417
81,0.8391297459602356,0.9734683632850647,0.30192482471466064,0.9383031725883484,0.9582153558731079,1.309210181236267,0.2526925504207611,1.3177354335784912,0.7147340774536133,1.0107219219207764,0.4182499051094055,0.9887531399726868,0.7466991543769836,1.8890786170959473,0.43046656250953674,1.8175908327102661
82,0.838776707649231,0.9728001952171326,0.3021472990512848,0.9380903244018555,0.9584242105484009,1.3097847700119019,0.2525017559528351,1.3215006589889526,0.705524742603302,1.0053229331970215,0.404587984085083,0.9985882639884949,0.7467698454856873,1.879109501838684,0.4317389130592346,1.8038387298583984
83,0.8367189168930054,0.9696283936500549,0.3010168671607971,0.9377003312110901,0.9715512990951538,1.302036166191101,0.2538275718688965,1.3269397020339966,0.7891361117362976,1.1396788358688354,0.39732420444488525,1.022694706916809,0.744553804397583,1.8586763143539429,0.42529016733169556,1.7974108457565308
84,0.8356946110725403,0.9696195125579834,0.2998763918876648,0.9362468719482422,0.9740594625473022,1.2977055311203003,0.2528729736804962,1.3268479108810425,0.8103955984115601,1.1738489866256714,0.37968629598617554,1.0382119417190552,0.7413903474807739,1.8568761348724365,0.42289549112319946,1.7964444160461426
85,0.8356963396072388,0.9695770144462585,0.2998601794242859,0.9311189651489258,0.9738963842391968,1.2949858903884888,0.2527184784412384,1.3185086250305176,0.8152817487716675,1.1534210443496704,0.378253698348999,1.0381377935409546,0.7401647567749023,1.8537447452545166,0.423452764749527,1.7812020778656006
86,0.8360896110534668,0.970133364200592,0.29985058307647705,0.9310213923454285,0.989246666431427,1.2904244661331177,0.25403866171836853,1.3145421743392944,0.8370705842971802,1.1828246116638184,0.37392857670783997,1.048032522201538,0.7401931285858154,1.8632982969284058,0.42373600602149963,1.789048433303833
87,0.8360928297042847,0.9701709747314453,0.3005506694316864,0.9309633374214172,0.9958194494247437,1.3019953966140747,0.256648987531662,1.3139419555664062,0.8805038332939148,1.352183222770691,0.3692707121372223,1.0665477514266968,0.7400695085525513,1.863595962524414,0.423542320728302,1.791416049003601
88,0.8368457555770874,0.9707596898078918,0.29934605956077576,0.9312283992767334,0.9970003366470337,1.3019341230392456,0.2539573609828949,1.3172107934951782,0.8553149104118347,1.3249794244766235,0.36149483919143677,1.0820491313934326,0.7398492097854614,1.8720588684082031,0.4235723614692688,1.7948976755142212
89,0.8372119069099426,0.9753148555755615,0.298629492521286,0.9333528876304626,0.9970782995223999,1.3101203441619873,0.2540385127067566,1.3329074382781982,0.8509918451309204,1.2718720436096191,0.339030921459198,1.1659207344055176,0.7401233911514282,1.8763004541397095,0.4232572913169861,1.7964892387390137
90,0.83775395154953,0.976904034614563,0.29991084337234497,0.9328746795654297,0.9870120882987976,1.3286254405975342,0.25369200110435486,1.327020525932312,0.7604168057441711,1.1101893186569214,0.33892369270324707,1.172522783279419,0.7403556108474731,1.8786945343017578,0.42325371503829956,1.79997980594635
91,0.84044349193573,0.9820356965065002,0.2995660603046417,0.9337377548217773,0.9887019395828247,1.356878399848938,0.25132593512535095,1.3328378200531006,0.7833898067474365,1.176339864730835,0.32396399974823,1.2192033529281616,0.74232017993927,1.8830265998840332,0.42219170928001404,1.8081943988800049
92,0.8418510556221008,0.9862567186355591,0.29654181003570557,0.9347706437110901,0.9889159202575684,1.3650652170181274,0.24168355762958527,1.3332940340042114,0.7962079048156738,1.2118655443191528,0.3162144720554352,1.2210276126861572,0.7423076033592224,1.8831528425216675,0.4112955629825592,1.8143097162246704
93,0.8443750143051147,0.9863580465316772,0.29452306032180786,0.9362412095069885,1.0068585872650146,1.363917589187622,0.24171634018421173,1.3416444063186646,0.8527108430862427,1.2562363147735596,0.3191889524459839,1.222080945968628,0.7433052659034729,1.8831433057785034,0.4108799397945404,1.8208489418029785
94,0.8446063995361328,0.9875315427780151,0.2934696078300476,0.9365953207015991,0.9836179614067078,1.3675585985183716,0.23708626627922058,1.3417785167694092,0.7971349358558655,1.186090111732483,0.33318930864334106,1.1865712404251099,0.7425698637962341,1.8849550485610962,0.41049355268478394,1.8209853172302246
95,0.8464161157608032,0.9875776767730713,0.2931806147098541,0.936635434627533,1.0059607028961182,1.3705635070800781,0.23731720447540283,1.3458470106124878,0.8438447713851929,1.3143656253814697,0.3319898247718811,1.2014490365982056,0.743198573589325,1.8829078674316406,0.4089430272579193,1.8247665166854858
96,0.8465604782104492,0.9876016974449158,0.29285702109336853,0.9366094470024109,0.9941614866256714,1.3723461627960205,0.23422086238861084,1.3456825017929077,0.8083548545837402,1.2040164470672607,0.33299487829208374,1.1879770755767822,0.7433087825775146,1.8830515146255493,0.4091927409172058,1.8246458768844604
97,0.8480979204177856,0.9860268235206604,0.29287081956863403,0.9360752701759338,0.9926215410232544,1.3568837642669678,0.23379671573638916,1.3438212871551514,0.7927498817443848,1.1021968126296997,0.33597344160079956,1.147667646408081,0.7436232566833496,1.8855589628219604,0.41379421949386597,1.8253132104873657
98,0.8482688665390015,0.9860002398490906,0.29380759596824646,0.9359161257743835,0.9659555554389954,1.3714171648025513,0.23308829963207245,1.3434573411941528,0.7419431805610657,1.0824919939041138,0.3503130078315735,1.0997252464294434,0.7458924055099487,1.8876899480819702,0.41872280836105347,1.823914647102356
99,0.8483775854110718,0.9859731197357178,0.2956671118736267,0.9344378709793091,0.9640700221061707,1.370995044708252,0.2309522181749344,1.3316649198532104,0.7456483840942383,1.0911494493484497,0.35018226504325867,1.0992881059646606,0.7466869354248047,1.8890048265457153,0.41950124502182007,1.82710862159729
100,0.8482122421264648,0.985909640789032,0.29582008719444275,0.9344275593757629,0.903860867023468,1.3716825246810913,0.22997057437896729,1.3322620391845703,0.694765567779541,1.0437016487121582,0.35195380449295044,1.0827401876449585,0.7471832633018494,1.8870007991790771,0.4234679341316223,1.8136818408966064
101,0.848096489906311,0.9859073162078857,0.29609134793281555,0.9340556859970093,0.8960854411125183,1.3724234104156494,0.2294122874736786,1.332345724105835,0.6893432140350342,1.036624789237976,0.3519046902656555,1.084765076637268,0.7476648092269897,1.8859189748764038,0.42521995306015015,1.8056586980819702
102,0.8485787510871887,0.9861109852790833,0.2968260943889618,0.9341668486595154,0.900031566619873,1.3826013803482056,0.22767964005470276,1.331994652748108,0.7052617073059082,1.055105447769165,0.35160037875175476,1.0861821174621582,0.748536229133606,1.8944212198257446,0.42519521713256836,1.8158891201019287
103,0.8474017381668091,0.9884302020072937,0.2968476712703705,0.9348006844520569,0.9017203450202942,1.38835871219635,0.22776135802268982,1.3261250257492065,0.688122034072876,1.0500385761260986,0.3514789342880249,1.0542813539505005,0.7484956979751587,1.9090651273727417,0.42516031861305237,1.8206123113632202
104,0.8468707203865051,0.9884158372879028,0.2909879684448242,0.937402606010437,0.9585371017456055,1.38760244846344,0.22508017718791962,1.340517520904541,0.7922853231430054,1.1775096654891968,0.32853996753692627,1.1416209936141968,0.7486902475357056,1.90758216381073,0.41108840703964233,1.8317795991897583
105,0.8471574783325195,0.9881072640419006,0.2910083532333374,0.9402920603752136,0.9626409411430359,1.3845609426498413,0.22449012100696564,1.336147665977478,0.7202944159507751,1.080708384513855,0.3205300569534302,1.1460826396942139,0.7503601908683777,1.9146419763565063,0.41146454215049744,1.8496848344802856
106,0.846601128578186,0.9841455817222595,0.2873550355434418,0.9433204531669617,0.9620988965034485,1.3752233982086182,0.22372806072235107,1.3531205654144287,0.7423356771469116,1.1038739681243896,0.3260755240917206,1.1438285112380981,0.7496681213378906,1.9053361415863037,0.4084019064903259,1.8482133150100708
107,0.846581757068634,0.9821789860725403,0.28718775510787964,0.9442576169967651,0.9618209004402161,1.3648288249969482,0.2242150604724884,1.3523634672164917,0.7090507745742798,1.0574581623077393,0.32689550518989563,1.1625010967254639,0.7517482042312622,1.89655339717865,0.4088114798069,1.8492634296417236
108,0.8471367955207825,0.9819430708885193,0.2870234251022339,0.9470046162605286,0.9872182607650757,1.3555861711502075,0.22433707118034363,1.3575149774551392,0.7889442443847656,1.1423178911209106,0.31889110803604126,1.2316371202468872,0.7533498406410217,1.8963580131530762,0.4090529978275299,1.8552473783493042
109,0.8479436039924622,0.9817894101142883,0.2877070903778076,0.9469753503799438,0.985608696937561,1.3588582277297974,0.22437751293182373,1.3530906438827515,0.7211177349090576,1.0649116039276123,0.3201106786727905,1.2179663181304932,0.7555714845657349,1.8957914113998413,0.4092683792114258,1.8573765754699707
110,0.8479469418525696,0.9809116125106812,0.28771668672561646,0.9461066722869873,0.9305761456489563,1.3574092388153076,0.22245073318481445,1.3480058908462524,0.6793912649154663,1.0059009790420532,0.3256191909313202,1.1262993812561035,0.7528171539306641,1.8951045274734497,0.40820974111557007,1.856765627861023
111,0.8479557037353516,0.9814532995223999,0.28698742389678955,0.9458248615264893,0.9337830543518066,1.365164875984192,0.22090420126914978,1.3478960990905762,0.6834033727645874,1.0192949771881104,0.329912394285202,1.1196951866149902,0.7516511678695679,1.8941909074783325,0.4038097858428955,1.8560807704925537
112,0.8475114107131958,0.9812383651733398,0.28721073269844055,0.9434067606925964,0.9423010945320129,1.3561457395553589,0.22217638790607452,1.3391910791397095,0.6905050873756409,1.0238311290740967,0.3200250267982483,1.1895164251327515,0.7502556443214417,1.878341555595398,0.4039885103702545,1.8315339088439941
113,0.8475106954574585,0.9809393286705017,0.28720730543136597,0.9424043893814087,0.9565046429634094,1.3562747240066528,0.22524356842041016,1.3410305976867676,0.696401059627533,1.0302027463912964,0.320771723985672,1.2123923301696777,0.7497084140777588,1.8685948848724365,0.4041311740875244,1.820627212524414
114,0.8479134440422058,0.981962263584137,0.2856678068637848,0.9429126381874084,0.9902132153511047,1.3558512926101685,0.2214091271162033,1.3457262516021729,0.8111245036125183,1.2014732360839844,0.3032872676849365,1.26413094997406,0.746985673904419,1.8701808452606201,0.4024079442024231,1.8226193189620972
115,0.8484404683113098,0.9817556142807007,0.2856866419315338,0.9434636831283569,0.9924022555351257,1.345653772354126,0.2224522829055786,1.345934510231018,0.7868120074272156,1.1188628673553467,0.31327927112579346,1.2558163404464722,0.746889591217041,1.872332215309143,0.4069749712944031,1.823628306388855
116,0.8488378524780273,0.9811946749687195,0.28589943051338196,0.9443699717521667,1.0198086500167847,1.3211467266082764,0.22247739136219025,1.3458977937698364,0.8539009094238281,1.2267487049102783,0.30303066968917847,1.2840673923492432,0.7468349933624268,1.87425696849823,0.40916913747787476,1.8259940147399902
117,0.8464029431343079,0.9806086421012878,0.2873671054840088,0.9441859722137451,1.0150783061981201,1.315813422203064,0.22263328731060028,1.338763952255249,0.8229960203170776,1.1985583305358887,0.30391162633895874,1.2644554376602173,0.7434698939323425,1.874754786491394,0.4082847237586975,1.828774094581604
118,0.8458340764045715,0.9800015687942505,0.28758135437965393,0.9419882893562317,0.9881823658943176,1.3183914422988892,0.2252574861049652,1.3310246467590332,0.7205520272254944,1.073331356048584,0.3213454782962799,1.229096531867981,0.7403355240821838,1.8663742542266846,0.4056982100009918,1.8192497491836548
119,0.8449996709823608,0.9787316918373108,0.2881656587123871,0.941959798336029,0.9853793978691101,1.305949330329895,0.2283051311969757,1.3204537630081177,0.7010101079940796,1.0083400011062622,0.34348225593566895,1.1750394105911255,0.738932728767395,1.8679697513580322,0.40670686960220337,1.8203929662704468
120,0.8432947993278503,0.9772071242332458,0.2882099747657776,0.9417625069618225,0.9685930013656616,1.3095343112945557,0.23149392008781433,1.320663332939148,0.6902979016304016,1.0197278261184692,0.35599881410598755,1.1673717498779297,0.7380491495132446,1.8652907609939575,0.4039863049983978,1.821101427078247
121,0.8414021730422974,0.975264310836792,0.2886245548725128,0.9421502351760864,0.9688273668289185,1.2982815504074097,0.2336663454771042,1.3212320804595947,0.6960062384605408,1.0247223377227783,0.3532256484031677,1.1872658729553223,0.737214982509613,1.865721344947815,0.4056619703769684,1.821689248085022
122,0.8399367332458496,0.9745174646377563,0.28850388526916504,0.9420154690742493,0.9525030851364136,1.3031096458435059,0.2336285412311554,1.3189201354980469,0.6883585453033447,1.0079270601272583,0.35775506496429443,1.167142391204834,0.7356557846069336,1.8661092519760132,0.4038878083229065,1.822152853012085
123,0.8398815393447876,0.9748762845993042,0.2883462905883789,0.9416829943656921,0.9748784303665161,1.302396535873413,0.2343018501996994,1.3282402753829956,0.8042302131652832,1.161623239517212,0.3728925585746765,1.1254217624664307,0.7352750301361084,1.8630735874176025,0.40304723381996155,1.818334698677063
124,0.8396474719047546,0.9748701453208923,0.28908902406692505,0.9416677951812744,0.977241039276123,1.3039932250976562,0.23694388568401337,1.3300471305847168,0.8086965680122375,1.191163420677185,0.36943477392196655,1.1320706605911255,0.7353044152259827,1.8659120798110962,0.40453076362609863,1.82101309299469
125,0.8388427495956421,0.9749450087547302,0.2891138195991516,0.9411651492118835,0.9778268933296204,1.3150290250778198,0.2369944304227829,1.331484317779541,0.7723619937896729,1.1606401205062866,0.3673354983329773,1.1389693021774292,0.7353194952011108,1.869458556175232,0.404381662607193,1.8240619897842407
126,0.8352398872375488,0.9749490022659302,0.2892630696296692,0.9388071298599243,0.9750587344169617,1.3159011602401733,0.23018667101860046,1.323540449142456,0.749524712562561,1.1270787715911865,0.3437771499156952,1.153185486793518,0.7293121814727783,1.8690420389175415,0.4014225900173187,1.8227757215499878
127,0.8351702690124512,0.975033164024353,0.28915733098983765,0.9388357400894165,0.9648634791374207,1.327850580215454,0.23022839426994324,1.3260771036148071,0.7114734053611755,1.0775282382965088,0.3446800112724304,1.1542506217956543,0.7293974757194519,1.871633768081665,0.40232276916503906,1.8230173587799072
128,0.8353196382522583,0.9753055572509766,0.28919199109077454,0.9391013979911804,0.9676510691642761,1.3403170108795166,0.23025710880756378,1.3296650648117065,0.7149751782417297,1.0776318311691284,0.3441867232322693,1.168572187423706,0.7319122552871704,1.872949242591858,0.4025201201438904,1.8247331380844116
129,0.8352857828140259,0.97537761926651,0.2892579734325409,0.9391101002693176,0.9828071594238281,1.3399237394332886,0.2301357090473175,1.3300049304962158,0.8141039609909058,1.2506483793258667,0.329135537147522,1.2193310260772705,0.7319062948226929,1.8744165897369385,0.40225791931152344,1.8298646211624146
130,0.8352907299995422,0.9755380749702454,0.2892696261405945,0.9388821721076965,0.9777883291244507,1.3363844156265259,0.22363309562206268,1.3256868124008179,0.7785969376564026,1.1747219562530518,0.315899521112442,1.2242509126663208,0.7282059192657471,1.8739821910858154,0.39736098051071167,1.8329254388809204
131,0.8341450691223145,0.9754197001457214,0.28928011655807495,0.9381073117256165,0.9719542264938354,1.3329098224639893,0.2239612638950348,1.3250807523727417,0.7928367853164673,1.163764238357544,0.3244923949241638,1.2101691961288452,0.7279655337333679,1.873370885848999,0.3976047933101654,1.8297184705734253
132,0.8333427309989929,0.9747148156166077,0.2892078757286072,0.9354268312454224,0.9554791450500488,1.3301869630813599,0.22410555183887482,1.3243383169174194,0.7267199158668518,1.0738035440444946,0.3288704752922058,1.2035857439041138,0.7268038988113403,1.8545074462890625,0.39659908413887024,1.8096116781234741
133,0.8332694172859192,0.9748794436454773,0.28933364152908325,0.9372631907463074,0.9082201719284058,1.334822177886963,0.22721561789512634,1.324465036392212,0.684011697769165,0.9997285604476929,0.3328537344932556,1.1989043951034546,0.7310507893562317,1.8560367822647095,0.4066200256347656,1.8094078302383423
134,0.8343808054924011,0.9748834371566772,0.2893267273902893,0.9382085800170898,0.9047993421554565,1.3427616357803345,0.23022297024726868,1.3306167125701904,0.672986626625061,1.0002405643463135,0.3551879823207855,1.1363160610198975,0.7327066659927368,1.856926679611206,0.40768757462501526,1.8063992261886597
135,0.8346213102340698,0.974929928779602,0.2896992564201355,0.938113272190094,0.9040619730949402,1.3431719541549683,0.23133878409862518,1.3290352821350098,0.671515703201294,0.9897375702857971,0.36421698331832886,1.091495156288147,0.7341139316558838,1.8575890064239502,0.4109843373298645,1.8028111457824707
136,0.835942268371582,0.974995493888855,0.2898329198360443,0.9399059414863586,0.9083164930343628,1.3458329439163208,0.2317005693912506,1.3296724557876587,0.6726228594779968,0.993075430393219,0.36304694414138794,1.1045184135437012,0.7392078638076782,1.867435336112976,0.4139708876609802,1.8076825141906738
137,0.835966944694519,0.9748305082321167,0.287880003452301,0.9402754306793213,0.9124671816825867,1.3485362529754639,0.23173312842845917,1.3326988220214844,0.6701552271842957,0.9968374967575073,0.3630666136741638,1.1143443584442139,0.7391833662986755,1.8657153844833374,0.41098552942276,1.8066157102584839
138,0.8363925814628601,0.9748181104660034,0.2879408299922943,0.9421380162239075,0.9154448509216309,1.3513480424880981,0.23399920761585236,1.3313968181610107,0.6692579388618469,0.9976078271865845,0.3735828995704651,1.0986446142196655,0.740486741065979,1.8677946329116821,0.41147226095199585,1.8123643398284912
139,0.8365575075149536,0.9745576977729797,0.2877548336982727,0.9421533942222595,0.916479766368866,1.3499563932418823,0.2352031022310257,1.330894112586975,0.6681915521621704,0.9945052862167358,0.37167760729789734,1.1182386875152588,0.7404620051383972,1.867360234260559,0.41054731607437134,1.8124746084213257
140,0.8364374041557312,0.9744132161140442,0.28778839111328125,0.9407843351364136,0.9270068407058716,1.344709038734436,0.23567745089530945,1.3304400444030762,0.6760467290878296,0.9978554248809814,0.36522334814071655,1.1473783254623413,0.7402404546737671,1.8506289720535278,0.4103321433067322,1.7943781614303589
141,0.8366680145263672,0.9732393026351929,0.293828547000885,0.9412582516670227,0.8927426338195801,1.3524329662322998,0.23501646518707275,1.3288007974624634,0.654288649559021,0.9852534532546997,0.3619651794433594,1.126261830329895,0.7452114820480347,1.8583656549453735,0.4246906638145447,1.795352578163147
142,0.8370742797851562,0.9732325077056885,0.2929452657699585,0.9412120580673218,0.8978534936904907,1.3531596660614014,0.23400786519050598,1.3268167972564697,0.6572415828704834,0.9889788031578064,0.39110204577445984,1.0384728908538818,0.7450441718101501,1.8586899042129517,0.42335838079452515,1.7946457862854004
143,0.8391051292419434,0.9732272624969482,0.29294025897979736,0.9411280751228333,0.9417260885238647,1.3485016822814941,0.23360860347747803,1.3265453577041626,0.6702995896339417,1.0071141719818115,0.3857041299343109,1.0601954460144043,0.7454589009284973,1.8579390048980713,0.42297840118408203,1.7950271368026733
144,0.8392979502677917,0.9730084538459778,0.29349419474601746,0.9384645223617554,0.9576976895332336,1.3245402574539185,0.2342134416103363,1.3257414102554321,0.7000604867935181,1.0120031833648682,0.3831180930137634,1.0698996782302856,0.7456836104393005,1.847334384918213,0.4238656461238861,1.7832974195480347
145,0.8399561643600464,0.9729683995246887,0.2934742569923401,0.9368817210197449,0.9910066723823547,1.3185175657272339,0.23492972552776337,1.326871395111084,0.8323470950126648,1.2054674625396729,0.36402058601379395,1.1299597024917603,0.7455953359603882,1.8369454145431519,0.4235909581184387,1.779390573501587
146,0.8395962715148926,0.9724870920181274,0.2893756926059723,0.9363946318626404,0.9950078129768372,1.3196488618850708,0.22389820218086243,1.3292983770370483,0.8464008569717407,1.2491281032562256,0.3050273060798645,1.248431921005249,0.7388595938682556,1.8281136751174927,0.40593260526657104,1.7798625230789185
147,0.8387241363525391,0.9695878624916077,0.28918418288230896,0.9346161484718323,0.9902027249336243,1.3147350549697876,0.22083953022956848,1.3243145942687988,0.8186686635017395,1.200986623764038,0.2999926209449768,1.2258397340774536,0.7351715564727783,1.8274726867675781,0.4017970561981201,1.7800017595291138
148,0.8388978242874146,0.9690749645233154,0.286655068397522,0.9348870515823364,0.9990562200546265,1.2978911399841309,0.2164451628923416,1.3269184827804565,0.8390172719955444,1.2170084714889526,0.3011775612831116,1.2251516580581665,0.7336415648460388,1.8284556865692139,0.4010849595069885,1.7832751274108887
149,0.8378878831863403,0.9654590487480164,0.28685736656188965,0.9335355162620544,0.9766035079956055,1.300207495689392,0.21428200602531433,1.3208726644515991,0.8180228471755981,1.1426457166671753,0.3033084571361542,1.1265158653259277,0.7329142689704895,1.8249586820602417,0.4043215811252594,1.7744277715682983
150,0.8378924131393433,0.9658510088920593,0.2849038541316986,0.9363407492637634,0.964028000831604,1.2961899042129517,0.21483305096626282,1.3244441747665405,0.7312747240066528,1.0611016750335693,0.30778947472572327,1.1351512670516968,0.7345613837242126,1.8257051706314087,0.40377554297447205,1.7918262481689453
151,0.8370108604431152,0.9656156897544861,0.28442680835723877,0.9362947344779968,0.9642596244812012,1.2729040384292603,0.2135644406080246,1.3194372653961182,0.7767781019210815,1.0923904180526733,0.29134300351142883,1.1606941223144531,0.7342635989189148,1.8259985446929932,0.4036073088645935,1.7937129735946655
152,0.8366524577140808,0.965286374092102,0.2833403944969177,0.9362437725067139,0.9617322087287903,1.2641890048980713,0.2135964334011078,1.3173474073410034,0.776056706905365,1.0937474966049194,0.29138416051864624,1.1795772314071655,0.734282374382019,1.8172024488449097,0.4004524350166321,1.7951257228851318
153,0.837507426738739,0.9653704166412354,0.28167933225631714,0.9361321330070496,0.9384970664978027,1.2684152126312256,0.2136511355638504,1.317700982093811,0.7171143889427185,1.0370402336120605,0.30187419056892395,1.1486862897872925,0.7340222597122192,1.8182038068771362,0.4012412130832672,1.7911735773086548
154,0.8380411267280579,0.965994119644165,0.27458852529525757,0.940716564655304,0.9450352787971497,1.2679353952407837,0.21298274397850037,1.3378493785858154,0.7751456499099731,1.047776460647583,0.3093049228191376,1.1607959270477295,0.7341269254684448,1.8277571201324463,0.4010440409183502,1.7951358556747437
155,0.838039219379425,0.9659585356712341,0.2748986780643463,0.9409099221229553,0.9459821581840515,1.2696306705474854,0.21396636962890625,1.3377212285995483,0.774990439414978,1.0544108152389526,0.3139532208442688,1.1554934978485107,0.7362147569656372,1.839424729347229,0.4069770872592926,1.7966758012771606
156,0.8380258679389954,0.9670647978782654,0.27293968200683594,0.9421970248222351,0.9405058026313782,1.2944953441619873,0.21403343975543976,1.3465172052383423,0.7554003596305847,1.0580826997756958,0.3255799114704132,1.1413313150405884,0.7362276911735535,1.8565611839294434,0.40760183334350586,1.8024535179138184
157,0.8372758030891418,0.9671396613121033,0.2732730805873871,0.9415884017944336,0.9408301115036011,1.296212911605835,0.21435873210430145,1.3439692258834839,0.7154489755630493,1.024680256843567,0.32552093267440796,1.1319102048873901,0.7363156080245972,1.8559911251068115,0.40983814001083374,1.7960699796676636
158,0.837469220161438,0.9673510193824768,0.27334314584732056,0.941476047039032,0.9702417254447937,1.2962599992752075,0.2135869264602661,1.3432568311691284,0.793628990650177,1.0900187492370605,0.3143864572048187,1.1791033744812012,0.7362786531448364,1.8556740283966064,0.40930113196372986,1.7973030805587769
159,0.8363600969314575,0.9688082337379456,0.2731761932373047,0.9414017796516418,0.9722865223884583,1.3059405088424683,0.21709927916526794,1.3427612781524658,0.8040586709976196,1.1201850175857544,0.3021906018257141,1.2303184270858765,0.736110270023346,1.8662506341934204,0.4087798595428467,1.8015750646591187
160,0.8363736271858215,0.9689567685127258,0.2722194790840149,0.9404516220092773,0.9906654357910156,1.3041515350341797,0.21487931907176971,1.3423750400543213,0.8490745425224304,1.1659585237503052,0.28391632437705994,1.2875926494598389,0.7349594831466675,1.8657740354537964,0.40388256311416626,1.8025883436203003
161,0.8354521989822388,0.9689642190933228,0.27070194482803345,0.9402920007705688,0.9883988499641418,1.3011845350265503,0.21539978682994843,1.3435598611831665,0.8342971801757812,1.1586329936981201,0.2864728569984436,1.2662519216537476,0.7328729033470154,1.836243987083435,0.40116071701049805,1.7947957515716553
162,0.8349579572677612,0.9688438177108765,0.27023792266845703,0.9403150677680969,0.9660525321960449,1.2984853982925415,0.2147497683763504,1.3433881998062134,0.8078356981277466,1.0938338041305542,0.3034162223339081,1.2190632820129395,0.7318830490112305,1.8366504907608032,0.40118274092674255,1.7948182821273804
163,0.8362540006637573,0.9697555303573608,0.27027055621147156,0.9418458938598633,0.9659622311592102,1.2958825826644897,0.2152549922466278,1.3527873754501343,0.8061349987983704,1.0885214805603027,0.3149459958076477,1.2040951251983643,0.7340980172157288,1.8374199867248535,0.4050236642360687,1.7949025630950928
164,0.8377154469490051,0.9718309044837952,0.2703172266483307,0.9434049129486084,0.966533362865448,1.295803427696228,0.214986652135849,1.3538380861282349,0.8040410876274109,1.0886390209197998,0.3152238726615906,1.194547414779663,0.7355961799621582,1.852515459060669,0.4071749150753021,1.803512454032898
165,0.8378688097000122,0.9718469381332397,0.27046895027160645,0.9432297945022583,0.9670177698135376,1.3009755611419678,0.2157597541809082,1.3536664247512817,0.751906156539917,1.0647687911987305,0.31710168719291687,1.1935762166976929,0.7360891103744507,1.8544261455535889,0.40699735283851624,1.8042819499969482
166,0.8385285139083862,0.9719547629356384,0.2704631984233856,0.9432181715965271,0.9730202555656433,1.311143159866333,0.2155933678150177,1.3558379411697388,0.770952582359314,1.1166433095932007,0.31715768575668335,1.198644757270813,0.7361064553260803,1.8549683094024658,0.40559059381484985,1.810502290725708
167,0.8373858332633972,0.9718676209449768,0.27057743072509766,0.9428514838218689,0.9446724057197571,1.318608045578003,0.2153639793395996,1.3505204916000366,0.7098994255065918,1.047063946723938,0.31831955909729004,1.1647831201553345,0.7356775999069214,1.8559303283691406,0.4061354100704193,1.8082436323165894
168,0.8373957872390747,0.9720125198364258,0.2706073820590973,0.9425960183143616,0.9723607897758484,1.3178613185882568,0.21490439772605896,1.350351333618164,0.7865182161331177,1.1600912809371948,0.3082212209701538,1.2202545404434204,0.7356743216514587,1.8554123640060425,0.4013037085533142,1.809146523475647
169,0.8370558023452759,0.9708278179168701,0.2699578106403351,0.9425706267356873,0.970262885093689,1.29801607131958,0.2130437195301056,1.3485486507415771,0.7885726690292358,1.114245057106018,0.31219589710235596,1.193329095840454,0.7355245351791382,1.8543089628219604,0.4014102816581726,1.8080217838287354
170,0.8371533155441284,0.9704151749610901,0.27174046635627747,0.9400390982627869,0.9771302938461304,1.2972400188446045,0.2121846228837967,1.3397281169891357,0.79917311668396,1.123797059059143,0.31077221035957336,1.1809481382369995,0.7356733083724976,1.8537871837615967,0.40115371346473694,1.8138829469680786
171,0.8381952047348022,0.9715567827224731,0.276211678981781,0.9404131174087524,0.9281913042068481,1.3398758172988892,0.21412555873394012,1.3311920166015625,0.6759833097457886,1.0402101278305054,0.3182009756565094,1.0862072706222534,0.7375055551528931,1.8676100969314575,0.40537530183792114,1.8163883686065674
172,0.8407402038574219,0.9724239706993103,0.2876591384410858,0.9402958750724792,0.9275223016738892,1.3415659666061401,0.23421092331409454,1.3275818824768066,0.7015208601951599,1.0297852754592896,0.3456306755542755,1.06116783618927,0.7385843992233276,1.8660719394683838,0.41794562339782715,1.7852356433868408
173,0.8418334126472473,0.9737074971199036,0.2900559604167938,0.9402602910995483,0.9886331558227539,1.357827067375183,0.2337251454591751,1.3137834072113037,0.8173923492431641,1.2707527875900269,0.30397698283195496,1.1356334686279297,0.7385756373405457,1.8656058311462402,0.41646042466163635,1.790503740310669
